"","ensembl_gene_id","baseMean","log2FoldChange","lfcSE","stat","pvalue","padj","sig"
"1","AQUIFEX_01423",10127.8125528592,5.05681872544562,0.055800558144404,90.6230850300686,0,0,"yes"
"2","AQUIFEX_01759",3004.72718330008,4.97020342086057,0.0887472820291642,56.0040071900711,0,0,"yes"
"3","AQUIFEX_01761",2793.70139675557,4.95252945473872,0.09156565942088,54.0871925792015,0,0,"yes"
"4","AQUIFEX_01723",153.830592373295,-10.7143610248187,1.45250300474677,-7.37648114310558,1.62527893113547e-13,6.12730157038071e-11,"yes"
"5","AQUIFEX_01749",71.9091835372515,-9.61731838535804,1.46325507821799,-6.57255083445218,4.94604928247163e-11,1.49172846359344e-08,"yes"
